LOAN;MORTDUE;VALUE;REASON;JOB;YOJ;DEROG;DELINQ;CLAGE;NINQ;CLNO;DEBTINC
1230;24000;39025;HomeImp;Other;10.5;0;0;94.36666667;1;9;
1020;60000;68400;HomeImp;Other;7;0;2;121.8333333;0;14;20.06704205
1700;97800;112000;HomeImp;Office;3;0;0;93.33333333;0;14;22.25394916
2000;64536;87400;;Mgr;2.5;0;0;147.1333333;0;24;42.17316588
2300;102370;120953;HomeImp;Office;2;0;0;90.99253347;0;13;24.47888119
2300;37626;46200;HomeImp;Other;3;0;1;122.2666667;1;14;
